,building,address,postal,mrt_desc,bus_desc,lat,lng
0,ADMIRALTY PRIMARY SCHOOL,11   WOODLANDS CIRCLE,738907,Admiralty Station,"TIBS 965, 964, 913",1.442549639,103.8002137
1,ADMIRALTY SECONDARY SCHOOL,31   WOODLANDS CRESCENT,737916,ADMIRALTY MRT,904,1.445890689,103.8023982
2,AHMAD IBRAHIM PRIMARY SCHOOL,10   YISHUN STREET 11,768643,Yishun,"Yishun Ring Road - 812 (white plate); Yishun Ave 2 - 169, 804, 965, 117, 883",1.433414084,103.8327505
3,AHMAD IBRAHIM SECONDARY SCHOOL,751  YISHUN AVENUE 7,768928,"CANBERRA MRT, YISHUN MRT","117, 167, 169, 800, 811, 812, 883, 856, 858, 859, 965, 969, 980",1.436059754,103.8297187
4,AI TONG SCHOOL,100  Bright Hill Drive,579646,Bishan MRT,"410, 162, 52",1.360583434,103.8330203
5,ALEXANDRA PRIMARY SCHOOL,2A   Prince Charles Crescent,159016,Redhill Station  Tiong Bahru Station,"51, 122, 139, 186, 970.",1.291299041,103.8239408
6,ANCHOR GREEN PRIMARY SCHOOL,31   Anchorvale Drive,544969,MRT : NE16-Sengkang LRT : SW7-TongKang,"Bus 372, 110, 50",1.39054394,103.8871111
7,ANDERSON PRIMARY SCHOOL,19   ANG MO KIO AVE 9,569785,Yio Chu Kang MRT Station,"Ang Mo Kio Ave 9 - Bus 76, 265, 268",1.384199419,103.8414117
8,ANDERSON SECONDARY SCHOOL,10   ANG MO KIO STREET 53,569206,"ANG MO KIO MRT, YIO CHU KANG MRT","265, 548, 45, 50, 72",1.374340017,103.8515541
9,ANDERSON SERANGOON JUNIOR COLLEGE,4500 ANG MO KIO AVENUE 6,569843,Yio Chu Kang MRT Station,"13, 45, 86, 162, 269, 825, 851, 852, 853, 860",1.37894408,103.8457609
10,ANG MO KIO PRIMARY SCHOOL,20   ANG MO KIO AVENUE 3,569920,Ang Mo Kio MRT Station,"76,132,165,166,169,200,000,000",1.369321766,103.8396309
11,ANG MO KIO SECONDARY SCHOOL,6    ANG MO KIO STREET 22,569362,ANG MO KIO MRT,"13, 74, 76, 88, 130, 132, 133, 136, 165, 169, 265, 268, 269, 851, 852",1.367337102,103.842155
12,ANGLICAN HIGH SCHOOL,600  UPPER CHANGI ROAD,487012,TANAH MERAH MRT,"2, 9, 12, 14, 24, 31, 35, 38, 45, 47, 48",1.331181096,103.9418534
13,ANGLO-CHINESE JUNIOR COLLEGE,25   DOVER CLOSE EAST,139745,Buona Vista,"74,95,100,105,106,111,145,147,191,196,198,602",1.303042552,103.7853584
14,ANGLO-CHINESE SCHOOL (BARKER ROAD),60   BARKER ROAD,309919,"NEWTON MRT, STEVENS MRT","48, 66, 67, 170, 960, 972",1.319616492,103.8357727
15,ANGLO-CHINESE SCHOOL (INDEPENDENT),121  DOVER ROAD,139650,"DOVER MRT, BUONA VISTA MRT, ONE-NORTH MRT","33, 74, 166, 196",1.303704093,103.7803634
16,ANGLO-CHINESE SCHOOL (JUNIOR),16   WINSTEDT ROAD,227988,Newton MRT Station,"5, 54, 124, 143, 162, 162M, 167, 167e, 518, 518A, 972M",1.309350413,103.8409503
17,ANGLO-CHINESE SCHOOL (PRIMARY),50   BARKER ROAD,309918,Newton MRT Station,"Bus 48, 66, 67, 170, 603, 972M",1.318370545,103.8356097
18,ANGSANA PRIMARY SCHOOL,3    Tampines Street 22,529366,Tampines and Simei Stations,"Bus Service 8, 17, 18, 20, 28, 34, 39, 59, 518, Feeder Bus Service 292",1.348465689,103.9515771
19,ASSUMPTION ENGLISH SCHOOL,622  UPPER BUKIT TIMAH ROAD,678117,CASHEW MRT,"67, 75, 170, 176, 178, 184, 961, 963, 970",1.368381607,103.7666875
20,ASSUMPTION PATHWAY SCHOOL,30   Cashew Road,679697,"DOWNTOWN LINE 2, CASHEW MRT","SBS Transit No 170    SMRT No 67, 75, 171, 176, 178, 184, 961, 963 & 970",1.369670704,103.7659591
21,BARTLEY SECONDARY SCHOOL,10   JALAN BUNGA RAMPAI,538403,"BARTLEY MRT, TAI SENG MRT","22, 24, 28, 43, 58, 62, 70, 70M, 76, 80, 80A, 93, 158",1.339954156,103.8828062
22,BEACON PRIMARY SCHOOL,36   Bukit Panjang Ring Road,679944,"Bangkit LRT, Fajar LRT Station","920, 922, 971, 972, 972A, 972M, 976",1.383949345,103.7736319
23,BEATTY SECONDARY SCHOOL,1    TOA PAYOH NORTH,318990,"BRADDELL MRT, TOA PAYOH MRT","28, 56, 73, 88, 93, 105, 153, 155, 157, 159, 163, 231, 232",1.341790285,103.8522808
24,BEDOK GREEN PRIMARY SCHOOL,1    BEDOK SOUTH AVE 2,469317,"Bedok MRT Station, Tanah Merah MRT Station","Bus No. 2, 9, 12, 24, 31, 34 & 38",1.323445933,103.937879
25,BEDOK GREEN SECONDARY SCHOOL,360  BEDOK NORTH AVE 3,469722,"BEDOK MRT, BEDOK RESERVOIR MRT","14, 17, 18, 28, 46, 66, 67, 69, 168, 222, 228, 506",1.334519473,103.9350284
26,BEDOK SOUTH SECONDARY SCHOOL,1    JALAN LANGGAR BEDOK,468585,TANAH MERAH MRT,"10, 14, 45",1.325136552,103.9509891
27,BEDOK VIEW SECONDARY SCHOOL,6    BEDOK SOUTH AVENUE 3,469293,TANAH MERAH MRT,"2, 9, 12, 14, 24, 25, 31, 35, 38, 45, 46, 47, 48, 506",1.32415704,103.9437762
28,BENDEMEER PRIMARY SCHOOL,91   BENDEMEER ROAD,339948,"Boon Keng, Kallang","13 23 31 61 64 65 65M 66 125, 125X ,133,140,147,853,857,985",1.322544966,103.864716
29,BENDEMEER SECONDARY SCHOOL,1    ST WILFRED ROAD,327919,BOON KENG MRT,"13,  23,  31,  64,  65,  66, 125, 133, 140, 147, 857, 985",1.324611113,103.8609703
30,BLANGAH RISE PRIMARY SCHOOL,91   TELOK BLANGAH HEIGHTS,109100,"Telok Blangah, Tiong Bahru & Redhill",SBS 273 & 124,1.276120479,103.8086285
31,BOON LAY GARDEN PRIMARY SCHOOL,20   BOON LAY DRIVE,649930,Lakeside & Boon Lay,"30,99,154,178,180,187,240,246",1.342840138,103.7128584
32,BOON LAY SECONDARY SCHOOL,11   JURONG WEST STREET 65,648354,BOON LAY MRT,"99, 181, 192, 193, 242, 243, 257, 502, 502A",1.342722691,103.70189
33,BOWEN SECONDARY SCHOOL,2    LORONG NAPIRI,547529,"HOUGANG MRT, SERANGOON MRT, SENGKANG MRT","43, 70, 73, 103, 109, 156, 854, 25, 74, 74E, 76, 112, 132, 147, 165, 55",1.370359944,103.8776596
34,BROADRICK SECONDARY SCHOOL,61   DAKOTA CRESCENT,399935,DAKOTA MRT,"10, 16, 30, 31, 32, 33",1.307050611,103.8869179
35,BUKIT BATOK SECONDARY SCHOOL,50   BUKIT BATOK WEST AVE 8,658962,BUKIT BATOK MRT,"66, 66B, 157, 174, 174E, 178, 506, 941, 991",1.348491111,103.7408737
36,BUKIT MERAH SECONDARY SCHOOL,10   LENGKOK BAHRU,159050,REDHILL MRT,"14, 32, 33, 63, 64, 120, 132, 139, 145, 147, 196, 197, 855, 961",1.285784138,103.8130231
37,BUKIT PANJANG GOVT. HIGH SCHOOL,7    CHOA CHU KANG AVE 4,689809,CHOA CHU KANG MRT,"300, 983",1.382242434,103.7383612
38,BUKIT PANJANG PRIMARY SCHOOL,109  CASHEW ROAD,679676,From Pending LRT station to Choa Chu Kang MRT station,"75, 184",1.373621793,103.7693749
39,BUKIT TIMAH PRIMARY SCHOOL,111  Lorong Kismis,598112,"Beauty World, Bukit Batok and Clementi Stations",173,1.337749862,103.7668553
40,BUKIT VIEW PRIMARY SCHOOL,18   BUKIT BATOK STREET 21,659634,Bukit Batok MRT Station,"173,157,178,852,66,106,61,506,963,77",1.345860548,103.7536664
41,BUKIT VIEW SECONDARY SCHOOL,16   BUKIT BATOK STREET 21,659633,BUKIT BATOK MRT,"61, 66, 77, 106, 157, 173, 174, 178, 189, 506, 653, 852, 963, 990",1.345733055,103.7522266
42,CANBERRA PRIMARY SCHOOL,21   ADMIRALTY DRIVE,757714,Sembawang MRT Station,Bus No. 859,1.451232884,103.8158894
43,CANBERRA SECONDARY SCHOOL,51   SEMBAWANG DRIVE,757699,SEMBAWANG MRT,"859, 962",1.453224924,103.8141949
44,CANOSSA CATHOLIC PRIMARY SCHOOL,1    Sallim Road,387621,Nearest MRT station: Mattar Station (about 7-minute walk),"Aljunied Road (same side as CCPS): 62, 64, 100    Aljunied Road (opposite CCPS): 61, 62, 64, 66, 100, 135, 154, 155    Merpati Rd (after Jln Anggerek): 40, 61, 63, 65, 66, 135,",1.326858796,103.8810509
45,CANTONMENT PRIMARY SCHOOL,1    Cantonment Close,88256,Tanjong Pagar Outram Park,"75, 167, 196",1.275472526,103.8399626
46,CASUARINA PRIMARY SCHOOL,30   PASIR RIS ST 41,518935,Pasir Ris MRT Station,"Nos. 12, 21 & 358",1.373107734,103.9571123
47,CATHOLIC HIGH SCHOOL,9    BISHAN STREET 22,579767,BISHAN MRT,"13, 52, 54, 88, 156, 162, 162M, 410",1.354723075,103.8448747
48,CATHOLIC JUNIOR COLLEGE,129  WHITLEY ROAD,297822,"Toa Payoh (NS Line),  Novena (NS Line),  Stevens (DT Line),  Caldecott (CC Line,TE Line)","105, 132, 151, 153, 154, 156, 186, 966, 985",1.324556058,103.8350288
49,CEDAR GIRLS' SECONDARY SCHOOL,1    CEDAR AVENUE,349692,"WOODLEIGH MRT, POTONG PASIR MRT, MATTAR MRT","8, 13, 61, 64, 65, 66, 90, 100, 107, 133, 135, 142, 147, 151, 154, 155, 853",1.333758002,103.8739331
50,CEDAR PRIMARY SCHOOL,15   CEDAR AVENUE,349700,Potong Pasir MRT Station,"8, 61, 64, 65, 66, 66A, 90, 90A, 100, 135, 151, 154, 155",1.335588501,103.875621
51,CHANGKAT CHANGI SECONDARY SCHOOL,23   SIMEI ST 3,529894,SIMEI MRT,"5, 9, 20, 38",1.339506301,103.9532455
52,CHANGKAT PRIMARY SCHOOL,11   SIMEI ST 3,529896,Simei MRT Station,"9,38,5",1.339973347,103.9522739
53,CHIJ (KATONG) PRIMARY,17   MARTIA ROAD,424821,EUNOS PAYA LEBAR,"15, 55, 36, 16, 135, 197, 196, 31, 13, 76, 12, 10, 14, 32, 40",1.306649654,103.9111049
54,CHIJ (KELLOCK),1    Bukit Teresa Road,99757,Outram Park Station,"61, 124, 143, 166",1.274740489,103.827954
55,CHIJ KATONG CONVENT,346  MARINE TERRACE,449150,"BEDOK MRT, KEMBANGAN MRT, EUNOS MRT, PAYA LEBAR MRT","4N, 13, 16, 31, 36, 36A, 36B, 43, 47, 48, 55, 134, 135, 135A, 150, 196, 196E, 197, 853C, 763",1.30644268,103.9171444
56,COMPASSVALE PRIMARY SCHOOL,21   COMPASSVALE ST,545091,Sengkang,"83 (along Compassvale Street) 27, 89, 89E & 965 (along Compassvale Road).",1.394430936,103.897905
57,CHIJ OUR LADY OF GOOD COUNSEL,2C   Burghley Drive,558979,"Ang Mo Kio MRT, Bishan MRT, Serangoon MRT station.","317 Feeder Bus Service from Serangoon Interchange. 135,136 from Ang Mo Kio Interchange.",1.357994949,103.8641521
58,CHIJ OUR LADY OF THE NATIVITY,1257 UPPER SERANGOON ROAD,534793,Hougang MRT,"74, 102, 112, 113, 119, 136, 147, 324, 672",1.373302971,103.8975757
59,CHIJ OUR LADY QUEEN OF PEACE,4    Chestnut Drive,679287,Cashew and Hillview,"180, 67, 171, 176, 177, 178, 184, 961, 963, 970",1.366498657,103.7674575
60,CHIJ PRIMARY (TOA PAYOH),628  Lorong 1 Toa Payoh,319765,Toa Payoh,"59, 231, 141",1.332752647,103.8418473
61,CHIJ SECONDARY (TOA PAYOH),626  LORONG 1 TOA PAYOH,319764,TOA PAYOH MRT,"59, 141, 231",1.332460799,103.8432716
62,CHIJ ST. JOSEPH'S CONVENT,62   SENGKANG EAST WAY,548595,SENGKANG MRT,"50, 82, 86, 88, 119, 136",1.391752223,103.902465
63,CHIJ ST. NICHOLAS GIRLS' SCHOOL,501  ANG MO KIO STREET 13,569405,"ANG MO KIO MRT, YIO CHU KANG MRT, MAYFLOWER MRT (End 2021)","76, 265, 268, 269",1.373476879,103.8342533
64,CHIJ ST. THERESA'S CONVENT,160  LOWER DELTA ROAD,99138,"HARBOURFRONT MRT, TIONG BAHRU MRT","65, 121, 123, 123M, 124, 131, 131M, 195, 195A, 272, 855",1.275351775,103.8224407
65,CHONGFU SCHOOL,170  YISHUN AVENUE 6,768959,Yishun MRT station,Feeder Service 811,1.438395629,103.8393092
66,CHONGZHENG PRIMARY SCHOOL,1    TAMPINES STREET 21,529392,Tampines MRT Station,"3,3A, 8, 17, 18, 20, 28, 34, 39, 59, 518",1.350611306,103.9513173
67,CHRIST CHURCH SECONDARY SCHOOL,20   WOODLANDS DRIVE 17,737924,"WOODLANDS MRT, WOODLANDS SOUTH MRT","901, 901M, 665",1.426539819,103.7929872
68,CHUA CHU KANG PRIMARY SCHOOL,20   CHOA CHU KANG AVENUE 2,689905,Choa Chu Kang MRT Station and Southview LRT Station,"Bus Service 300, 301 and NR3 along Chua Chu Kang Ave 2 Bus Service 172, 301, 991 along Chua Chu Kang Ave 1",1.377758901,103.7418329
69,CHUA CHU KANG SECONDARY SCHOOL,3    TECK WHYE CRESCENT,688845,CHOA CHU KANG MRT,"190, 307, 975, 982E, 985",1.383190293,103.7518783
70,CHUNG CHENG HIGH SCHOOL (MAIN),50   GOODMAN ROAD,439012,DAKOTA MRT,"10, 12, 14, 16, 16M, 30, 31, 32, 33, 40, 43, 135, 134, 196, 197",1.305091548,103.8916532
71,CHUNG CHENG HIGH SCHOOL (YISHUN),11   YISHUN STREET 61,768547,KHATIB MRT,"85, 811, 812, 851, 852, 853, 854, 855, 858, 860, 965, 969",1.419226036,103.8373908
72,CLEMENTI PRIMARY SCHOOL,8    CLEMENTI AVE 3,129903,Clementi MRT Station,We are just beside Clementi Bus Interchange.,1.315063218,103.7631445
73,CLEMENTI TOWN SECONDARY SCHOOL,10   CLEMENTI AVE 3,129904,CLEMENTI MRT,"14, 105, 106, 147, 156, 165, 166, 173, 175, 184, 196, 282, 284, 285, 7, 96, 99",1.315539129,103.7620206
74,COMMONWEALTH SECONDARY SCHOOL,698  WEST COAST ROAD,608784,"JURONG EAST MRT, CLEMENTI MRT","30, 51, 78, 79, 143, 143M, 176, 201",1.319203959,103.7456374
75,COMPASSVALE SECONDARY SCHOOL,51   COMPASSVALE CRESCENT,545083,"SENGKANG MRT, COMPASSVALE LRT","27, 27A, 82,  83,  86,  88,  89, 89E, 136, 161, 371, 965",1.39614084,103.8998472
76,CONCORD PRIMARY SCHOOL,3    CHOA CHU KANG AVE 4,689814,Choa Chu Kang MRT Station,Bus 300 and 983,1.380265161,103.7365543
77,CORPORATION PRIMARY SCHOOL,31   JURONG WEST STREET 24,648347,BOON LAY STATION LAKESIDE STATION,"157 (from Boon Lay Interchange), or 185",1.350997799,103.7075937
78,CRESCENT GIRLS' SCHOOL,357  TANGLIN ROAD,247961,REDHILL MRT,"32, 111, 122, 132, 51, 139, 186, 970",1.293319471,103.8175445
79,CREST SECONDARY SCHOOL,561  JURONG EAST STREET 24,609561,"BUKIT BATOK MRT, JURONG EAST MRT","41, 52, 98, 98M, 105, 176, 183, 187, 188, 188R, 333, 502, 868, 990",1.343119805,103.7426281
80,DAMAI PRIMARY SCHOOL,52   BEDOK RESERVOIR CRESCENT,479226,Bedok North MRT Station,"Bus 228,66,65,22,21,5 and 506",1.335246028,103.9212864
81,DAMAI SECONDARY SCHOOL,4800 BEDOK RESERVOIR ROAD,479229,"BEDOK RESERVOIR MRT, BEDOK MRT, TAMPINES MRT","5, 21, 22, 59, 65, 66, 228, 506, CT18",1.336927985,103.9270917
82,DAZHONG PRIMARY SCHOOL,35   BUKIT BATOK STREET 31,659441,Bukit Gombak,"187, 188",1.359179745,103.7484721
83,DE LA SALLE SCHOOL,11   Choa Chu Kang St 52,689285,YEW TEE MRT,"TIBS 302, 979",1.39470783,103.7432018
84,DEYI SECONDARY SCHOOL,1    ANG MO KIO STREET 42,569277,ANG MO KIO MRT,"22, 24, 25, 45, 50, 55, 73, 74, 76, 88, 132, 135, 159, 162, 165, 261, 262, 268, 652, 853",1.365997026,103.8525458
85,DUNEARN SECONDARY SCHOOL,21   BUKIT BATOK WEST AVENUE 2,659204,"BUKIT BATOK MRT, BUKIT GOMBAK MRT","160, 180, 187, 188, 945, 947, 985",1.363579008,103.7447211
86,DUNMAN HIGH SCHOOL,10   TANJONG RHU ROAD,436895,"ALJUNIED MRT, KALLANG MRT, MOUNTBATTEN MRT","12, 14, 30, 158, 196",1.29996216,103.8829416
87,DUNMAN SECONDARY SCHOOL,21   TAMPINES STREET 45,529093,TAMPINES EAST MRT,"28, 29, 293",1.360652586,103.9562133
88,EAST SPRING PRIMARY SCHOOL,31   TAMPINES ST 33,529258,Tampines,"291, 28,18",1.352770138,103.9617431
89,EAST SPRING SECONDARY SCHOOL,30   TAMPINES STREET 34,529231,"TAMPINES MRT, TAMPINES EAST MRT","3, 4, 9, 12, 17, 18, 19, 21, 28, 29, 34, 37, 39, 59, 81, 291, 518",1.35622509,103.9606407
90,EDGEFIELD PRIMARY SCHOOL,41   EDGEFIELD PLAINS,828869,Punggol MRT,"3, 34, 62, 82, 83, 136",1.40029783,103.9074305
91,EDGEFIELD SECONDARY SCHOOL,36   PUNGGOL FIELD,828814,PUNGGOL MRT,"3, 34, 62, 82, 83, 119, 136, 381, 382G",1.4005931,103.9026874
92,ELIAS PARK PRIMARY SCHOOL,11   PASIR RIS STREET 52,518866,Pasir Ris MRT,"3, 15, 39, 53, 81, 88, 89, 357, 403, 518",1.374512694,103.9451281
93,ENDEAVOUR PRIMARY SCHOOL,10   Admiralty Link,757521,Sembawang MRT Station,"859, 962",1.453881704,103.8171747
94,EUNOIA JUNIOR COLLEGE,2    Sin Ming Place,573838,"Bishan MRT Station, Marymount MRT Station, Ang Mo Kio MRT Station","13, 52, 74, 88, 130, 410G, 410W, 851, 852",1.362137572,103.8412862
95,EUNOS PRIMARY SCHOOL,95   JALAN EUNOS,419529,Nearest MRT Station - Eunos,"Bus Services (SBS): 15, 21, 25, 51, 55, 63, 93, 94, 60 Bus Services (SMRT) : 61, 854, 966",1.324476299,103.9045413
96,EVERGREEN PRIMARY SCHOOL,31   WOODLANDS CIRCLE,738908,Admiralty,"913(front), 911 & 858(back)",1.444150643,103.7945812
97,EVERGREEN SECONDARY SCHOOL,11   WOODLANDS STREET 83,738489,WOODLANDS MRT,911,1.441491313,103.7941378
98,FAIRFIELD METHODIST SCHOOL (PRIMARY),100  DOVER ROAD,139648,"One-North MRT, Buona Vista MRT & Dover MRT","SBS Bus 14,33,74,166 & 196",1.300540825,103.7854383
99,FAIRFIELD METHODIST SCHOOL (SECONDARY),102  DOVER ROAD,139649,"BUONA VISTA MRT, ONE-NORTH MRT","33, 74, 166, 196",1.301837422,103.7843405
100,FAJAR SECONDARY SCHOOL,31   GANGSA ROAD,678972,"BUKIT PANJANG MRT, BUKIT PANJANG LRT, PETIR LRT","67, 75, 75A, 170, 171, 176, 177, 178, 180, 180A, 920, 922, 960, 961, 963, 963E, 963R, 970, 972, 972A, 973, 973A, 975, 976, 979",1.375600053,103.7639989
101,FARRER PARK PRIMARY SCHOOL,2    FARRER PARK ROAD,217567,Farrer Park MRT Station,131,1.31236856,103.8507662
102,FENGSHAN PRIMARY SCHOOL,307  BEDOK NORTH ROAD,469680,Bedok MRT,"18, 228, 222, 17, 69, 66, 67, 168, 28, 506, 14, 45",1.329701847,103.9320051
103,FERN GREEN PRIMARY SCHOOL,70   Fernvale Link,797538,Kupang LRT Station (SW3),"85, 102",1.397269661,103.8803303
104,FERNVALE PRIMARY SCHOOL,1    Fernvale Lane,797701,Fernvale LRT (Sengkang West Loop),"Along Sengkang West Ave - Bus Services 50, 163; Along Yio Chu Kang Road - Bus Services 70, 86, 103 and 854.",1.39030228,103.8744455
105,FIRST TOA PAYOH PRIMARY SCHOOL,7    LORONG 8 TOA PAYOH,319252,Braddell & Toa Payoh Stations,"157,153,105,159,88,FS238",1.340322995,103.8555299
106,FRONTIER PRIMARY SCHOOL,20   Jurong West Street 61,648200,Pioneer MRT Station (EW28),"241, 974, 179",1.336643112,103.6996828
107,FUCHUN PRIMARY SCHOOL,23   WOODLANDS AVENUE 1,739063,Marsiling,"187,856,912,925,950,960,961,963,963E,963R,966",1.430639758,103.7781752
108,FUCHUN SECONDARY SCHOOL,21   WOODLANDS AVENUE 1,739062,"MARSILING MRT, WOODLANDS MRT","187, 856, 912, 913M, 925, 925M, 926, 950, 960, 960E, 961, 961M, 963, 963E, 963R, 966, 912B, 912M",1.430704529,103.7776257
109,FUHUA PRIMARY SCHOOL,65   JURONG EAST STREET 13,609647,JURONG EAST MRT STATION,"JURONG EAST CENTRAL (BS28441): 41,49,52,105,160,160A,160M,176,183,334,506    JURONG EAST CENTRAL (BS28431):51,66,78,79,143, 143M, 176, 335",1.336503948,103.7361037
110,FUHUA SECONDARY SCHOOL,5    JURONG WEST STREET 41,649410,"CHINESE GARDEN MRT, LAKESIDE MRT","49, 98, 99, 157, 180, 185, 187, 198, 334, 335, 502, 657",1.347014089,103.7265209
111,GAN ENG SENG PRIMARY SCHOOL,100  REDHILL CLOSE,158901,Redhill,"14, 63, 147, 196, 197, 855, 961",1.285595165,103.8155474
112,GAN ENG SENG SCHOOL,1    HENDERSON ROAD,159561,"REDHILL MRT, TIONG BAHRU MRT","14, 16, 32, 33, 51, 63, 64, 120, 122, 145, 139, 186, 851, 970",1.289071145,103.8237337
113,GEYLANG METHODIST SCHOOL (PRIMARY),4    Geylang East Central,389706,Aljunied,"80, 134, 155",1.317591268,103.8838457
114,GEYLANG METHODIST SCHOOL (SECONDARY),2    GEYLANG EAST CENTRAL,389705,ALJUNIED MRT,"40, 62, 63, 80, 100, 125, 134, 155, 158",1.317649005,103.8826611
115,GONGSHANG PRIMARY SCHOOL,1    TAMPINES STREET 42,529176,Tampines (Downtown Line and East West Line) and Tampines East (Downtown Line),"4, 8, 18, 19, 21, 37, 38, 81, 293",1.357116068,103.9491448
116,GREENDALE PRIMARY SCHOOL,50   Edgedale Plains,828848,Punggol LRT:  Coral Edge,"3,62, 83, 85, 386",1.396002118,103.9130205
117,GREENDALE SECONDARY SCHOOL,51   EDGEDALE PLAINS,828866,"PUNGGOL MRT, MERIDIAN LRT","3, 62, 83, 85, 136, 386",1.396960199,103.9117001
118,GREENRIDGE PRIMARY SCHOOL,11   JELAPANG ROAD,677744,"Senja LRT station, Jelapang LRT Station","Bus 920, 922, 972",1.385889219,103.7677945
119,GREENRIDGE SECONDARY SCHOOL,32   BUKIT PANJANG RING ROAD,679938,BANGKIT LRT,"722, 920, 922, 971, 972, 972M, 976",1.381864337,103.7738285
120,GREENWOOD PRIMARY SCHOOL,11   WOODLANDS  DR  62,737942,Admiralty MRT Station,"912, 913, 962",1.440110487,103.8045152
121,GUANGYANG PRIMARY SCHOOL,6    Bishan Street 12,579806,Bishan MRT,"13,52,54,55,56,57,59,88,93,156,157,163,410",1.345690115,103.8494532
122,GUANGYANG SECONDARY SCHOOL,8    BISHAN STREET 12,579807,BISHAN MRT,"13, 56, 57, 59, 71, 88, 93, 157, 163, 410",1.34440856,103.8502089
123,HAI SING CATHOLIC SCHOOL,9    PASIR RIS DRIVE 6,519421,PASIR RIS MRT,"3, 5, 6, 12, 17, 21, 89, 354, 358",1.374346412,103.9549579
124,HAIG GIRLS' SCHOOL,51   Koon Seng Road,427072,"Eunos, Dakota","16,33",1.311943443,103.9029026
125,HENRY PARK PRIMARY SCHOOL,1    HOLLAND GROVE ROAD,278790,"Buona Vista MRT, Clementi MRT","7, 61, 75, 156, 157, 165, 92",1.316676462,103.7842962
126,HILLGROVE SECONDARY SCHOOL,10   BUKIT BATOK STREET 52,659250,"BUKIT BATOK MRT, BUKIT GOMBAK MRT","176, 985, 945",1.352735766,103.7529865
127,HOLY INNOCENTS' HIGH SCHOOL,1191 UPPER SERANGOON ROAD,534786,HOUGANG MRT,"27, 72, 74, 80, 87, 89, 101, 107, 113, 116, 119, 132, 136, 147, 153, 161, 165, 324, 325",1.371545088,103.8963988
128,HOLY INNOCENTS' PRIMARY SCHOOL,5    Lorong Low Koon,536451,2km walk to Hougang MRT,"51,72,80,101,119,132,136,153.",1.367003667,103.8942461
129,HONG WEN SCHOOL,30   TOWNER ROAD,327829,Boon Keng MRT,"Serangoon Road: 13, 23, 31, 64, 65, 66, 125, 133, 147, 857, 985 Balestier Road: 21, 125, 130, 139, 145",1.321755811,103.8577338
130,HORIZON PRIMARY SCHOOL,61   Edgedale Plains,828819,Punggol MRT Station (NE17)  (LRT: Kadaloor [PE5] or Oasis [PE6]),"3, 50, 83, 85, 569",1.400008811,103.9130715
131,HOUGANG PRIMARY SCHOOL,1    HOUGANG ST 93,534238,"Ang Mo Kio, Buangkok, Hougang, Sengkang, Yio Chu Kang","SBS 43, 72, 88, 101, 109, 116, 156, 159, 325, 329",1.377382452,103.8808053
132,HOUGANG SECONDARY SCHOOL,2    HOUGANG STREET 93,534256,"HOUGANG MRT, BUANGKOK MRT","43, 88, 101, 109, 156, 159, 161, 325, 329",1.377640193,103.882534
133,HUA YI SECONDARY SCHOOL,60   JURONG WEST ST 42,649371,"LAKESIDE MRT, CHINESE GARDEN MRT","49, 98, 98B, 98M, 99, 157, 185, 187, 198, 198A, 334, 335, 502",1.352343655,103.7218323
134,HUAMIN PRIMARY SCHOOL,21   YISHUN AVENUE 11,768857,Yishun MRT Station,"806, 804",1.427301331,103.8440911
135,HWA CHONG INSTITUTION,661  BUKIT TIMAH ROAD,269734,TAN KAH KEE MRT,"66, 67, 74, 151, 154, 156, 157, 170, 170A, 174, 852, 961, 961M",1.326358062,103.8032904
136,INNOVA PRIMARY SCHOOL,80   Woodlands Drive 17,737888,Woodlands,"900A (weekdays only - 7.00 am to 8.30 am & 4.30 pm to 6.30 pm), 901",1.428967007,103.7906075
137,JIEMIN PRIMARY SCHOOL,2    YISHUN STREET 71,768515,Yishun MRT Station,"167,169,171,800,811,000,000,000,000,000,000",1.427606111,103.8304011
138,JING SHAN PRIMARY SCHOOL,5    ANG MO KIO ST 52,569228,Ang Mo Kio MRT,Bus 265,1.37223291,103.8521322
139,JUNYUAN PRIMARY SCHOOL,2    Tampines Street 91,528906,Tampines West (Downtown Line); Tampines (East-West Line),"76281: 22, 46, 129 76061: 10, 15, 20, 21, 23, 27, 31, 34, 39, 65, 67, 168, 292 75051: 5, 8, 18, 28, 59, 118",1.348052839,103.9390268
140,JUNYUAN SECONDARY SCHOOL,11   TAMPINES STREET 84,528933,"TAMPINES MRT, TAMPINES WEST MRT","69, 291, 293",1.353613153,103.9338862
141,JURONG PIONEER JUNIOR COLLEGE,21   Teck Whye Walk,688258,Choa Chu Kang / Bt Panjang / Phoenix Station (LRT),"975, 190, 985",1.384374064,103.7543746
142,JURONG PRIMARY SCHOOL,320  JURONG EAST Street 32,609476,"Lakeside MRT Station, Jurong East MRT Station",333,1.348438597,103.7331566
143,JURONG SECONDARY SCHOOL,31   YUAN CHING ROAD,618652,LAKESIDE MRT,"30, 49, 98, 98A, 154, 240, 246",1.330020322,103.723953
144,JURONG WEST PRIMARY SCHOOL,30   JURONG WEST ST 61,648368,Pioneer MRT Station,192,1.339644436,103.699024
145,JURONG WEST SECONDARY SCHOOL,61   JURONG WEST STREET 65,648348,"BOON LAY MRT, PIONEER MRT","30, 154, 157, 180, 187, 198, 242",1.335256347,103.7020989
146,JURONGVILLE SECONDARY SCHOOL,202  JURONG EAST AVENUE 1,609790,"JURONG EAST MRT, CHINESE GARDEN MRT","98, 98M, 99, 157, 185, 187, 198, 334, 502",1.351288628,103.7289077
147,JUYING PRIMARY SCHOOL,31   JURONG WEST STREET 91,649037,Boon Lay MRT Station (Jurong Point),SBS 99 (From Clementi Inter-change) SBS 241 (From Boon Lay Inter-change),1.339022647,103.6877696
148,JUYING SECONDARY SCHOOL,33   JURONG WEST STREET 91,649038,"BOON LAY MRT, PIONEER MRT, JOO KOON MRT","99, 241",1.338722773,103.6873103
149,KEMING PRIMARY SCHOOL,90   BUKIT BATOK EAST AVENUE 6,659762,Bukit Batok,"61,66,77,106,157,174,178,963",1.3455285,103.7564494
150,KENT RIDGE SECONDARY SCHOOL,147  WEST COAST ROAD,127368,"CLEMENTI MRT, HAW PAR VILLA MRT","30, 51, 143, 175, 176, 201, 282",1.301227734,103.7648896
151,KHENG CHENG SCHOOL,15   LORONG 3 TOA PAYOH,319580,Braddell,"SBS 235,56,73,88,157,159,163,231,",1.337338194,103.8471485
152,KONG HWA SCHOOL,350  GUILLEMARD ROAD,399772,Dakota,"Service 7,70,70M,197(to Guillemard Road)",1.310941938,103.8882593
153,KRANJI PRIMARY SCHOOL,11   CHOA CHU KANG STREET 54,689189,Yew Tee MRT,"Bus No 307, 302",1.393560505,103.7473627
154,KRANJI SECONDARY SCHOOL,61   CHOA CHU KANG STREET 51,689333,"CHUA CHU KANG MRT, YEW TEE MRT",302,1.390051099,103.7411907
155,KUO CHUAN PRESBYTERIAN PRIMARY SCHOOL,8    BISHAN STREET 13,579793,Bishan MRT Station,"54, 56, 410, 410G",1.349114571,103.8544477
156,KUO CHUAN PRESBYTERIAN SECONDARY SCHOOL,10   BISHAN STREET 13,579795,BISHAN MRT,"54, 56, 410G, 410W",1.350171299,103.8549837
157,LAKESIDE PRIMARY SCHOOL,161  Corporation Walk,618310,Lakeside MRT,"30, 49, 98, 98M",1.338203977,103.7180895
158,LIANHUA PRIMARY SCHOOL,2    BUKIT BATOK STREET 52,659243,Bukit Gombak/Bukit Batok,945,1.354241911,103.7541658
159,LOYANG VIEW SECONDARY SCHOOL,12   PASIR RIS STREET 11,519073,PASIR RIS MRT,"12, 21, 39, 53, 81, 109, 359, 518",1.366584172,103.9569446
160,MAHA BODHI SCHOOL,10   UBI AVENUE 1,408931,"Eunos Station (Transfer Bus No.63, 63M) Ubi Station (Transfer Bus No. 137)","5,8,15,22,25,45,51,55,59,61,63,63M,65,66,93,94,854",1.328580239,103.9013069
161,MANJUSRI SECONDARY SCHOOL,20   UBI AVENUE 1,408940,"UBI MRT, MACPHERSON MRT","5, 8, 15, 22, 25, 45, 51, 55, 59, 61, 63, 63M, 65, 66, 93, 94, 137, 854",1.327471231,103.90172
162,MARIS STELLA HIGH SCHOOL,25   MOUNT VERNON ROAD,368051,BARTLEY MRT,"28, 93, 129, 158",1.341398224,103.8777694
163,MARSILING PRIMARY SCHOOL,31   WOODLANDS CENTRE ROAD,738927,Marsiling MRT Station,"856, 911, 912",1.43383904,103.773643
164,MARSILING SECONDARY SCHOOL,12   MARSILING ROAD,739110,MARSILING MRT,"913, 911",1.436644248,103.7760081
165,MARYMOUNT CONVENT SCHOOL,20   Marymount Road,297754,Braddell MRT Station or  Caldecott MRT Station,"141, 235",1.340438407,103.8398117
166,MAYFLOWER PRIMARY SCHOOL,6    Ang Mo Kio Avenue 2,569948,Yio Chu Kang MRT Station.,"13,86,138,162,269,851,852,853.",1.376146217,103.8358052
167,MAYFLOWER SECONDARY SCHOOL,2    ANG MO KIO STREET 21,569384,"ANG MO KIO MRT, MAYFLOWER MRT (Targeted to open in 2020)","71, 76, 132, 165, 166, 169, 262, 265, 268, 269",1.368272662,103.8353607
168,MEE TOH SCHOOL,21   EDGEDALE PLAINS,828867,Punggol Station,"3,62,83",1.394853561,103.9085726
169,MERIDIAN PRIMARY SCHOOL,20   PASIR RIS ST 71,518798,Pasir Ris MRT Station,"3,359",1.375571161,103.9348786
170,MERIDIAN SECONDARY SCHOOL,31   PASIR RIS STREET 51,518901,PASIR RIS MRT,"39, 53, 81, 89, 109, 359, 403, 518",1.367246849,103.9489725
171,METHODIST GIRLS' SCHOOL (PRIMARY),11   Blackmore Drive,599986,King Albert Park MRT,"66, 67, 74, 77, 151, 154, 157, 170, 171, 174, 852, 961, 970",1.332948009,103.783393
172,METHODIST GIRLS' SCHOOL (SECONDARY),11   BLACKMORE DRIVE,599986,KING ALBERT PARK MRT,"66, 67, 74, 77, 151, 154, 157, 170, 174, 852, 961, 970",1.332948009,103.783393
173,MILLENNIA INSTITUTE,60   Bukit Batok West Avenue 8,658965,Bukit Batok (NS 2),"157, 174, 174e, 178, 506, 991, 941, 160M",1.350319296,103.7415936
174,MONTFORT JUNIOR SCHOOL,52   HOUGANG AVENUE 8,538786,Hougang MRT & Bus Interchange,"74,88,101,147,161,",1.373824441,103.8893078
175,MONTFORT SECONDARY SCHOOL,50   HOUGANG AVENUE 8,538785,HOUGANG MRT,"74, 74e, 88, 88A, 101, 147, 147A, 161",1.373961317,103.8889284
176,NAN CHIAU HIGH SCHOOL,20   ANCHORVALE LINK,545079,"SENGKANG MRT, RENJONG LRT, TONGKANG LRT","43, 83, 85, 109, 156, 159, 161, 163, 372",1.388795825,103.8900044
177,NAN CHIAU PRIMARY SCHOOL,50   ANCHORVALE LINK,545080,Sengkang Station,"156, 159, 161, 371, 372",1.392211499,103.8911809
178,NAN HUA HIGH SCHOOL,41   CLEMENTI AVENUE 1,129956,CLEMENTI MRT,"14, 33, 52, 78, 96, 97, 105, 106, 147, 151, 154, 165, 166, 183, 185, 188, 189, 196, 197, 198, 282, 285, 963",1.308095295,103.7685614
179,NAN HUA PRIMARY SCHOOL,30   Jalan Lempeng,128806,Clementi MRT Station,"30, 51, 143, 175, 201, 533, 655, 727, 762",1.3192016,103.7610951
180,NANYANG GIRLS' HIGH SCHOOL,2    LINDEN DRIVE,288683,"SIXTH AVENUE MRT, TAN KAH KEE MRT","66, 67, 74, 151, 154, 156, 157, 170, 174, 852, 961",1.330583267,103.802421
181,NANYANG JUNIOR COLLEGE,128  SERANGOON AVENUE 3,556111,2-minute walk from the Lorong Chuan MRT Station (Circle Line),"22, 24, 53, 73, 133, 105, 135, 136, 156, 853",1.350283149,103.8664987
182,NANYANG PRIMARY SCHOOL,52   KING'S ROAD,268097,Farrer Rd MRT Station,"66, 67, 74, 93, 151, 153, 154, 156, 157, 165, 170, 171, 174, 186, 852, 855, 961",1.320847499,103.8077502
183,NATIONAL JUNIOR COLLEGE,37   HILLCREST ROAD,288913,"BOTANIC GARDENS MRT, TAN KAH KEE MRT, SIXTH AVENUE MRT","66, 67, 74, 151, 154, 156, 157, 170, 174, 852, 961, 972",1.330292911,103.8041109
184,NAVAL BASE PRIMARY SCHOOL,7    YISHUN AVE 4,769028,Yishun MRT Station,Feeder bus No. 811 from Yishun Interchange.,1.416306632,103.8387941
185,NAVAL BASE SECONDARY SCHOOL,901  YISHUN RING ROAD,768689,KHATIB MRT,"39, 85, 117, 670, 807, 811, 812, 851, 852, 853, 854, 855, 857, 858, 965, 969",1.419378816,103.8310504
186,NEW TOWN PRIMARY SCHOOL,300  Tanglin Halt Road,148812,Commonwealth MRT Station,"SBS Numbers 32, 100, 105, 111, 145, 147, 195, 196, 198, 855",1.299641811,103.8001023
187,NEW TOWN SECONDARY SCHOOL,1020 DOVER ROAD,139657,"DOVER MRT, CLEMENTI MRT","33, 96, 96A, 151, 196, 183",1.3097759,103.7731886
188,NGEE ANN PRIMARY SCHOOL,344  MARINE TERRACE,449149,Nil,"13, 16, 16M, 31,36, 43, 47, 48, 55, 135, 196, 196E, 197, 853M (at Marine Parade road) 13, 16, 16M, 196 and 196E(at Marine Terrace)",1.305532242,103.91757
189,NGEE ANN SECONDARY SCHOOL,1    TAMPINES STREET 32,529283,"TAMPINES MRT, SIMEI MRT, TAMPINES EAST MRT","3, 4, 8, 9, 12, 17, 18, 19, 21, 28, 29, 34, 37, 38, 39, 59, 81, 291, 293, 518, 552",1.354475258,103.9567473
190,NORTH SPRING PRIMARY SCHOOL,1    RIVERVALE STREET,545088,NEL - Sengkang Station LRT - Bakau Station,"SBS Transit Services 82, 85, 86, 88, 119, 136, 163, 372",1.387061465,103.9032027
191,NORTH VIEW PRIMARY SCHOOL,210  YISHUN AVENUE 6,768960,Yishun Khatib,"Feeder Service 804, 806, 807, 860",1.427523272,103.8481908
192,NORTH VISTA PRIMARY SCHOOL,20   Compassvale Link,544974,"Buangkok MRT (NE15), Ranggung LRT (SE5)",na,1.382550662,103.8962646
193,NORTH VISTA SECONDARY SCHOOL,11   RIVERVALE LINK,545081,"SENGKANG MRT, BUANGKOK MRT, RANGGUNG LRT","80, 82, 87, 88, 89, 119",1.381131285,103.8991888
194,NORTHBROOKS SECONDARY SCHOOL,585  YISHUN RING ROAD,768692,"YISHUN MRT, KHATIB MRT","804, 806, 807, 860, 103",1.42081285,103.8451473
195,NORTHLAND PRIMARY SCHOOL,15   YISHUN AVENUE 4,769026,Yishun MRT Station,812 (next to bus service number 171) at Yishun Interchange,1.420969899,103.8409284
196,NORTHLAND SECONDARY SCHOOL,3    YISHUN STREET 22,768578,YISHUN MRT,"811, 804, 800",1.435801834,103.8401047
197,NORTHLIGHT SCHOOL,151  Towner Road,327830,BOON KENG (NE9),"21, 125, 130, 139, 145, 13, 23, 31, 64, 65, 133, 147, 857, 985",1.319100216,103.8557596
198,NORTHOAKS PRIMARY SCHOOL,61   Sembawang Drive,757622,Sembawang MRT,Bus number 962,1.456731472,103.8136599
199,NORTHSHORE PRIMARY SCHOOL,30   Northshore Drive,828671,Puggol Point LRT Station,"84, 384",1.418423221,103.9051472
200,NUS HIGH SCHOOL OF MATHEMATICS AND SCIENCE,20   Clementi Avenue 1,129957,Nearest MRT Stations - Clementi and Dover,"96, 97, 151, 183, 188, 189, 196, 197, 198",1.306564424,103.7693651
201,OASIS PRIMARY SCHOOL,71   Edgefield Plains,828716,Damai LRT Station,"50, 386",1.404624132,103.9111206
202,OPERA ESTATE PRIMARY SCHOOL,48   FIDELIO STREET,458436,"Bedok, Kembangan",42,1.319319144,103.9237883
203,ORCHID PARK SECONDARY SCHOOL,10   YISHUN STREET 81,768454,KHATIB MRT,811,1.415320328,103.8378592
204,OUTRAM SECONDARY SCHOOL,3    YORK HILL,168622,"OUTRAM PARK MRT, CHINATOWN MRT","174 , 123, 16, 175, 195, 33, 5, 63, 75, 851, 970, 123, 186, 51, 64",1.286513575,103.8371273
205,PALM VIEW PRIMARY SCHOOL,150  Compassvale Bow,544822,Buangkok,"27,43,109,156,159,161,163,163M,550",1.383840756,103.8912151
206,PARK VIEW PRIMARY SCHOOL,60   PASIR RIS DRIVE 1,519524,Pasir Ris MRT Station,"358,39,53,81,89",1.377380699,103.9395417
207,PASIR RIS CREST SECONDARY SCHOOL,11   PASIR RIS STREET 41,518934,PASIR RIS MRT,"358, 17, 81, 12, 3",1.372840601,103.9597282
208,PASIR RIS PRIMARY SCHOOL,5    PASIR RIS STREET 21,518968,Pasir Ris MRT,"3,5,6,89",1.372418702,103.9628072
209,PASIR RIS SECONDARY SCHOOL,390  TAMPINES STREET 21,529400,"TAMPINES MRT, TAMPINES EAST MRT,  TAMPINES WEST MRT","3, 4, 8, 10, 15, 18, 19, 20, 21, 22, 23, 27, 28, 29, 31, 37, 38, 39, 46, 65, 67, 68, 69, 72, 81, 127, 129, 168, 291, 292, 293, 298, 969",1.354227327,103.9489626
210,PAYA LEBAR METHODIST GIRLS' SCHOOL (PRIMARY),298  LORONG AH SOO,536741,"Kovan (NE13), Serangoon(NE12/CC13)","45, 53, 53M, 62, 113",1.349472763,103.8849713
211,PAYA LEBAR METHODIST GIRLS' SCHOOL (SECONDARY),296  LOR AH SOO,536742,"KOVAN MRT, SERANGOON MRT","45, 53, 53M, 62, 113",1.350967559,103.8851201
212,PEI CHUN PUBLIC SCHOOL,16   LORONG 7 TOA PAYOH,319320,Toa Payoh MRT Station and Braddell MRT Station,"Bus Service 232, 57",1.337053708,103.8551257
213,PEI HWA PRESBYTERIAN PRIMARY SCHOOL,7    PEI WAH AVENUE,597610,Beauty World,"970, 852, 174, 173, 157, 77, 61",1.338056346,103.7761064
214,PEI HWA SECONDARY SCHOOL,21   FERNVALE LINK,797702,"SENGKANG MRT, LAYAR LRT","50, 70, 86, 103, 163, 854",1.39037505,103.8784617
215,PEI TONG PRIMARY SCHOOL,15   CLEMENTI AVENUE 5,129857,Clementi,"7, 184, 282",1.316665293,103.767439
216,PEICAI SECONDARY SCHOOL,10   SERANGOON AVENUE 4,556094,SERANGOON MRT,"22, 24, 43, 53, 70, 76, 103, 109, 116, 147, 156, 315, 317, 853",1.359515832,103.8700107
217,PEIRCE SECONDARY SCHOOL,10   SIN MING WALK,575566,"ANG MO KIO MRT, BISHAN MRT, MARYMOUNT MRT, BRIGHT HILL MRT (target opening in Q3, 2021)","52, 132, 162, 163, 165, 166, 167, 410, 855, 980",1.366659447,103.8302161
218,PEIYING PRIMARY SCHOOL,651  YISHUN RING ROAD,768687,Khatib,"851, 852, 853, 854, 855",1.417416276,103.8301432
219,PING YI SECONDARY SCHOOL,61   CHAI CHEE STREET,468980,BEDOK MRT,"26, 222, 222B, 2, 7, 24, 25, 28, 30, 30E, 32, 33, 40, 67, 229, 854, 60, 87",1.327016728,103.9207007
220,PIONEER PRIMARY SCHOOL,23   JURONG WEST STREET 81,649076,Boon Lay Station,243,1.348720926,103.6948679
221,POI CHING SCHOOL,21   TAMPINES STREET 71,529067,Tampines MRT,"Bus 293, 72, 27 and 168",1.357651219,103.9352465
222,PRESBYTERIAN HIGH SCHOOL,5209 ANG MO KIO AVENUE 6,569845,YIO CHU KANG MRT,"45, 70, 70M, 71, 76, 86, 668, 851, 851e, 852, 853",1.382011943,103.8431494
223,PRINCESS ELIZABETH PRIMARY SCHOOL,30   BUKIT BATOK WEST AVENUE 3,659163,Bukit Batok MRT Station,"Bus 174, 157, 178, 66, 941",1.349190989,103.7407192
224,PUNGGOL COVE PRIMARY SCHOOL,52   Sumang Walk,828674,Nibong LRT Station,"382W, 84",1.41197712,103.899148
225,PUNGGOL GREEN PRIMARY SCHOOL,98   Punggol Walk,828772,Punggol MRT Station,na,1.401872206,103.8988013
226,PUNGGOL PRIMARY SCHOOL,61   HOUGANG AVENUE 8,538787,"Hougang, Buangkok",62 74 88 113 147 325,1.377794512,103.8945069
227,PUNGGOL SECONDARY SCHOOL,51   EDGEFIELD PLAINS,828870,"PUNGGOL MRT, COVE LRT","3, 34, 62, 82, 83, 85, 136, 965, 386",1.402057384,103.9092137
228,PUNGGOL VIEW PRIMARY SCHOOL,9    Punggol Place,828845,Punggol MRT Station,50 382,1.405145826,103.9051564
229,QIFA PRIMARY SCHOOL,50   WEST COAST AVENUE,128104,Clementi MRT Station,"30,51,78,143,285,655",1.313251479,103.7567432
230,QIHUA PRIMARY SCHOOL,5    WOODLANDS STREET 81,738525,Woodlands MRT Station,"911, 900",1.442035966,103.7883398
231,QUEENSTOWN PRIMARY SCHOOL,310  MARGARET DR,149303,Queenstown MRT,"32, 111, 145, 195",1.295529056,103.8076485
232,QUEENSTOWN SECONDARY SCHOOL,1    STRATHMORE ROAD,148800,"REDHILL MRT, QUEENSTOWN MRT","33, 51, 64, 111, 120, 139, 145, 186, 970",1.293521268,103.813191
233,QUEENSWAY SECONDARY SCHOOL,2A   MARGARET DRIVE,149295,"COMMONWEALTH MRT, QUEENSTOWN MRT","32, 51, 93, 100, 105, 111, 122, 123, 145, 147, 153, 186, 195, 196, 198, 855, 961, 970",1.300222716,103.8022073
234,RADIN MAS PRIMARY SCHOOL,1    BUKIT PURMEI AVENUE,99840,Tiong Bahru MRT HarbourFront MRT,"SBS 123, 131, 275 SBS 65",1.274958236,103.8241883
235,RAFFLES GIRLS' PRIMARY SCHOOL,21   Hillcrest Road,289072,TAN KAH KEE MRT STATION,"66, 67, 74, 151, 154, 156, 157, 170, 171, 174, 852, 961",1.32940426,103.8064429
236,RAFFLES GIRLS' SCHOOL (SECONDARY),2    BRADDELL RISE,318871,"BRADDELL MRT, CALDECOTT MRT","59, 93, 129, 156, 157, 163, 231, 232, 235",1.342174799,103.843134
237,RAFFLES INSTITUTION,1    RAFFLES INSTITUTION LANE,575954,"BISHAN MRT, MARYMOUNT MRT","410,13,50,52,53,54,55,56,57,58,59,71,74,88,93,128,130,132,156,157,162,163,165,166,167,851,852,855,980",1.347717436,103.8456743
238,RED SWASTIKA SCHOOL,350  BEDOK NORTH AVENUE 3,469719,Bedok Reservoir MRT,"Bus 14, 17, 28, 46, 66, 67, 69, 222, 228",1.333674484,103.9345097
239,REGENT SECONDARY SCHOOL,50   CHOA CHU KANG NORTH 5,689621,"YEW TEE MRT, CHOA CHU KANG MRT","307, 160, 170, 178, 925, 927, 960, 961, 979",1.393279083,103.7510344
240,RIVER VALLEY HIGH SCHOOL,6    BOON LAY AVENUE,649961,"BOON LAY MRT, LAKESIDE MRT","99, 157, 172, 174, 174E, 198, 240, 502, 974, NR5",1.344078011,103.7090222
241,RIVER VALLEY PRIMARY SCHOOL,2    RIVER VALLEY GREEN,237993,Somerset MRT,"5, 16, 32, 54, 65, 75, 175, 970",1.294223285,103.8358152
242,RIVERSIDE PRIMARY SCHOOL,110  Woodlands Crescent,737803,Admiralty MRT Station,Bus No 913 and Bus No 964,1.447047336,103.801939
243,RIVERSIDE SECONDARY SCHOOL,3    WOODLANDS STREET 81,738524,WOODLANDS MRT,"858, 900, 911, 913, 964, 962, 965, 969, 169, 903",1.441101571,103.7883082
244,RIVERVALE PRIMARY SCHOOL,80   RIVERVALE DRIVE,545092,Nearest LRT Station : Rumbia,"Bus Service 86, 371.",1.393409978,103.9045595
245,ROSYTH SCHOOL,21   Serangoon North Avenue 4,555855,"Ang Mo Kio, Serangoon","73, 315, 116",1.372858365,103.8747717
246,RULANG PRIMARY SCHOOL,6    JURONG WEST STREET 52,649295,Lakeside,SBS 335,1.346738689,103.718458
247,"SCHOOL OF SCIENCE AND TECHNOLOGY, SINGAPORE",1    Technology Drive,138572,Dover,"14, 74, 105, 106, 147, 166, 185",1.312928106,103.7740115
248,"SCHOOL OF THE ARTS, SINGAPORE",1    Zubir Said Drive,227968,Dhoby Ghaut,"7, 14, 16, 36, 64, 65, 77, 106, 111, 124, 128, 131, 147, 162, 166, 167, 171, 174, 175, 190, 502, 518, 700, 857,",1.299364804,103.8486874
249,SEMBAWANG PRIMARY SCHOOL,10   SEMBAWANG DRIVE,757715,Sembawang MRT (6 to 8-minute walk),"656, 859, 962, 980",1.445073716,103.8210424
250,SEMBAWANG SECONDARY SCHOOL,30   SEMBAWANG CRESCENT,757704,SEMBAWANG MRT,"859, 859A, 962",1.445315021,103.8168433
251,SENG KANG PRIMARY SCHOOL,21   COMPASSVALE WALK,545166,Sengkang MRT,"27, 80, 82, 83, 86, 87, 88, 89, 119, 156, 163, 371, 372 & 965",1.389250448,103.8995279
252,SENG KANG SECONDARY SCHOOL,10   COMPASSVALE LANE,545090,"SENGKANG MRT, RANGGUNG LRT","27, 80, 85, 86, 87, 89, 89E, 163, 163M, 372",1.386596831,103.898365
253,SENGKANG GREEN PRIMARY SCHOOL,15   Fernvale Road,797636,Fernvale LRT (SW5) - (Sengkang West Loop),"Sengkang and Toa Payoh interchange - no 163, Along Yio Chu Kang Road, - no 70, 86, 103 and 854.Punggol Temp Interchange to Bishan Interchange - Bus 50",1.392540093,103.8749849
254,SERANGOON GARDEN SECONDARY SCHOOL,21   SERANGOON NORTH AVENUE 1,555889,"SERANGOON MRT, ANG MO KIO MRT","25, 55, 73, 74, 74e, 76, 132, 165, 315",1.369325705,103.8692703
255,SERANGOON SECONDARY SCHOOL,11   UPPER SERANGOON VIEW,534237,"HOUGANG MRT, KANGKAR LRT","62, 74, 102, 113, 119, 136, 147, 324",1.374655388,103.9021387
256,SHUQUN PRIMARY SCHOOL,8    JURONG WEST STREET 51,649332,W11 Lakeside,"98, 187, 335",1.347653114,103.7215237
257,SI LING PRIMARY SCHOOL,61   WOODLANDS AVENUE 1,739067,Woodlands,912 from Woodlands Interchange,1.432409357,103.7860351
258,SINGAPORE CHINESE GIRLS' PRIMARY SCHOOL,190  DUNEARN ROAD,309437,Stevens,"66, 67, 105, 132, 151, 153, 154, 156, 170, 171, 186, 190, 605, 700, 960",1.320807252,103.8277447
259,SINGAPORE CHINESE GIRLS' SCHOOL,190  DUNEARN ROAD,309437,STEVENS MRT,"48, 66, 67, 105, 132, 151, 153, 154, 156, 170, 186, 190, 960, 971E, 972",1.320807252,103.8277447
260,SINGAPORE SPORTS SCHOOL,1    Champions Way,737913,Woodlands South MRT,"665, 900A, 901, 901M",1.426411406,103.7894448
261,SOUTH VIEW PRIMARY SCHOOL,6    Choa Chu Kang Central,689762,Choa Chu Kang MRT Station,307 / South View LRT Station,1.38143124,103.7471537
262,SPECTRA SECONDARY SCHOOL,1    WOODLANDS DRIVE 64,737758,ADMIRALTY MRT,"901M, 904, 912, 913, 962, 964, 965, 969",1.437037508,103.8041005
263,SPRINGDALE PRIMARY SCHOOL,71   Anchorvale Link,544799,Sengkang Station (NE16)  Nearest LRT station: Farmway  *10-15 min walk from either station,"50, 85, 102, 372    Nearest Bus Stop: In front of Blk 326 Car Park  *1-2 min walk from bus stop; enter by Main Gate along Anchorvale Link or Rear Gate",1.39495818,103.8898965
264,SPRINGFIELD SECONDARY SCHOOL,30   TAMPINES AVENUE 8,529593,"TAMPINES MRT, TAMPINES WEST MRT","8, 15, 23, 58, 69, 118, 129, 291, 293, 298, 513, 518",1.349573035,103.9303545
265,ST. ANDREW'S JUNIOR COLLEGE,5    Sorby Adams Drive,357691,Potong Pasir NE10,"SBSTransit: 8, 26, 31, 90, 142 ,151, 154 (Diocese of Singapore) SMRT Buses:  857, 966, 985 (Diocese of Singapore),  853 (Upper Serangoon Road)",1.333065157,103.8635764
266,ST. ANDREW'S JUNIOR SCHOOL,2    FRANCIS THOMAS DRIVE,359337,"Potong Pasir,Toa Payoh","8,13,26,31,90,90A,107,133,142,147,853,NR6",1.331402553,103.8651171
267,ST. ANDREW'S SECONDARY SCHOOL,15   FRANCIS THOMAS DRIVE,359342,POTONG PASIR MRT,"8, 13, 26, 31, 90, 90A, 107, 133, 142, 147, 853",1.33069361,103.8662491
268,ST. ANTHONY'S CANOSSIAN PRIMARY SCHOOL,1602 BEDOK NORTH AVE 4,469701,Bedok MRT,17,1.335171404,103.9405447
269,ST. ANTHONY'S CANOSSIAN SECONDARY SCHOOL,1600 BEDOK NORTH AVENUE 4,469700,"BEDOK MRT, BEDOK RESERVOIR MRT","17, 14, 46, 222",1.334663135,103.9419772
270,ST. ANTHONY'S PRIMARY SCHOOL,30   Bukit Batok St 32,659401,Bukit Gombak MRT Station,945,1.364161265,103.7492519
271,ST. GABRIEL'S PRIMARY SCHOOL,220  Lorong Chuan,556742,Lor Chuan MRT Station (Circle Line),"73, 105, 159",1.349471927,103.862561
272,ST. GABRIEL'S SECONDARY SCHOOL,24   SERANGOON AVENUE 1,556140,SERANGOON MRT,158,1.346487987,103.8760942
273,ST. HILDA'S PRIMARY SCHOOL,2    Tampines Ave 3,529706,"Tampines West, Tampines Central",Feeder Bus service: 293 from Tampines Interchange (towards St 71),1.34967979,103.9370164
274,ST. HILDA'S SECONDARY SCHOOL,2    TAMPINES STREET 82,528986,"TAMPINES MRT, TAMPINES WEST MRT","22, 129, 293, 298",1.349739224,103.937608
275,ST. JOSEPH'S INSTITUTION,38   MALCOLM ROAD,308274,STEVENS MRT,"105, 132, 151, 153, 154, 156, 186, 190, 960, 972",1.323653135,103.828499
276,ST. JOSEPH'S INSTITUTION JUNIOR,3    ESSEX ROAD,309331,Novena,21;54;56;57;124;131;141;166;518;851;980,1.317814761,103.8456333
277,ST. MARGARET'S PRIMARY SCHOOL,2    Mattar Road,387724,Mattar MRT Station (DT25),"40, 61, 63, 65, 66, 135, 154, 155, 158",1.324391503,103.8816248
278,ST. MARGARET'S SECONDARY SCHOOL,111  FARRER ROAD,259240,FARRER ROAD MRT,"48, 93, 153, 165, 174, 186, 855, 961",1.319774641,103.8096022
279,ST. PATRICK'S SCHOOL,490  EAST COAST ROAD,429058,KEMBANGAN MRT,"10, 10E, 12, 13, 14, 14E, 15, 16, 31, 32, 36, 40, 43, 47, 48, 55, 135, 150, 155, 196, 197",1.307883419,103.9176382
280,ST. STEPHEN'S SCHOOL,20   SIGLAP VIEW,455789,Kembangan MRT Station,"2,7,24,25,26,28,30,32,33,67,854",1.318789973,103.9172581
281,STAMFORD PRIMARY SCHOOL,1    VICTORIA LANE,198423,"Bugis MRT Station, Jalan Besar MRT Station","Along Victoria Street:2,7,12,32,33, 51, 61,63,80,130,133,145, 175, 197",1.303859599,103.8569551
282,SWISS COTTAGE SECONDARY SCHOOL,3    BUKIT BATOK STREET 34,659322,BUKIT GOMBAK MRT,"187, 188, 985, 945",1.364717427,103.7503961
283,TAMPINES MERIDIAN JUNIOR COLLEGE,21   Pasir Ris Street 71,518799,Pasir Ris MRT Station,"3, 39, 53, 81, 89, 109, 358, 518",1.376333469,103.9369907
284,TAMPINES NORTH PRIMARY SCHOOL,30   TAMPINES AVENUE 9,529565,Tampines MRT,"SBS Transit 28, 29, 293",1.36048786,103.9487689
285,TAMPINES PRIMARY SCHOOL,250  TAMPINES STREET 12,529426,Tampines MRT,"8, 10, 17,18, 27, 31, 65, 292, 293, or any bus going into Tampines Interchange",1.349943338,103.9434024
286,TAMPINES SECONDARY SCHOOL,252  TAMPINES ST 12,529427,TAMPINES MRT,"3,  8,  10,  15,  17,  18,  20,  21,  23,  27,  28,  31,  34,  39,  59,  65,  129,  168,  292,  298,  518",1.349260948,103.9442637
287,TANGLIN SECONDARY SCHOOL,301  WEST COAST ROAD,127391,CLEMENTI MRT,"30, 51, 78, 143, 285, 655",1.309701692,103.7581584
288,TANJONG KATONG GIRLS' SCHOOL,20   Dunman Lane,439272,"PAYA LEBAR MRT, DAKOTA MRT","10, 16, 31, 32, 33, 40, 43, 134, 135, 197",1.308212746,103.8958201
289,TANJONG KATONG PRIMARY SCHOOL,10   Seraya Road,437259,na,na,1.305240843,103.9000927
290,TANJONG KATONG SECONDARY SCHOOL,130  HAIG ROAD,438796,"PAYA LEBAR MRT, DAKOTA MRT","10, 16, 31, 32, 33, 40, 76, 135, 197",1.30873516,103.8972252
291,TAO NAN SCHOOL,49   MARINE CRESCENT,449761,"Paya Lebar, Eunos","13, 16, 31, 36, 43, 48, 55, 134, 196, 197",1.304608981,103.9115022
292,TECK GHEE PRIMARY SCHOOL,1    ANG MO KIO STREET 32,569299,Ang Mo Kio & Bishan,"22,24,135,853,162,262,159",1.365587821,103.8509571
293,TECK WHYE PRIMARY SCHOOL,11   TECK WHYE WALK,688261,Choa Chu Kang MRT & LRT,"975, 190 & 985",1.383886605,103.7539246
294,TECK WHYE SECONDARY SCHOOL,31   TECK WHYE CRESCENT,688848,"CHUA CHU KANG MRT, PHOENIX LRT","975, 985, 190, 982E",1.383334226,103.7551033
295,TELOK KURAU PRIMARY SCHOOL,50   BEDOK RESERVOIR RD,479239,Kaki Bukit MRT (nearest),"8, 15, 22, 55, 65, 60,66, 87 & 506",1.331045854,103.910934
296,TEMASEK JUNIOR COLLEGE,22   BEDOK SOUTH ROAD,469278,BEDOK MRT,"12, 12E, 16, 31, 38, 47, 137, 155, 196, 196A, 197, 229",1.31849283,103.9355673
297,TEMASEK PRIMARY SCHOOL,501  BEDOK SOUTH AVE 3,469300,Tanah Merah MRT,"229, 10, 14, 13, 48, 43, 506",1.317685251,103.9455051
298,TEMASEK SECONDARY SCHOOL,600  UPPER EAST COAST ROAD,465561,"BEDOK MRT, TANAH MERAH MRT","10, 10E, 13, 14, 25, 43, 46, 55, 137, 229, 506, 531, 853",1.315916732,103.9475641
299,TOWNSVILLE PRIMARY SCHOOL,3    ANG MO KIO AVE 10,569730,"Bishan MRT, Ang Mo Kio MRT Stations","45, 50, 55, 261, 548, 22, 24, 128, 135, 159, 162, 162M, 262, 853",1.360032637,103.853826
300,UNITY PRIMARY SCHOOL,21   CHOA CHU KANG CRESCENT,688268,Yew Tee MRT,TIBs 302,1.402783032,103.7468012
301,UNITY SECONDARY SCHOOL,20   CHOA CHU KANG STREET 62,689143,YEW TEE MRT,307,1.400015241,103.7460209
302,VALOUR PRIMARY SCHOOL,49   Punggol Central,828728,na,na,1.407441682,103.8987622
303,VICTORIA JUNIOR COLLEGE,20   MARINE VISTA,449035,"Nearest MRT Stations:  Kembangan, Eunos","13, 16, 31, 36, 43, 48, 55, 135, 196, 196e, 197",1.306701742,103.9199827
304,VICTORIA SCHOOL,2    SIGLAP LINK,448880,"BEDOK MRT, PAYA LEBAR MRT","31, 36, 43, 47, 48, 55, 135, 155, 196, 196E, 197, 401, 853C",1.308713027,103.927981
305,WATERWAY PRIMARY SCHOOL,70   Punggol Drive,828802,Kadaloor LRT Station,"50, 381",1.399726333,103.9183465
306,WELLINGTON PRIMARY SCHOOL,10   WELLINGTON CIRCLE,757702,Sembawang MRT,"980, 856, 859",1.451685176,103.8225162
307,WEST GROVE PRIMARY SCHOOL,1    JURONG WEST ST 72,649223,Boon Lay MRT,"Bus 99, 242",1.344712118,103.6989642
308,WEST SPRING PRIMARY SCHOOL,60   Bukit Panjang Ring Road,679946,Jelapang LRT,"920, 922",1.389441459,103.7661957
309,WEST SPRING SECONDARY SCHOOL,61   SENJA  ROAD,677737,"JELAPANG LRT, SENJA LRT","920, 972, 976",1.387822838,103.7601288
310,WEST VIEW PRIMARY SCHOOL,31   SENJA ROAD,677742,"Bukit Panjang MRT, SENJA LRT (A13)","170,171,176,178,180,000,000,000,000,000",1.384088309,103.7601746
311,WESTWOOD PRIMARY SCHOOL,1    Jurong West Street 73,649188,Boon Lay MRT Station,"181, 502 & 243",1.347154625,103.7005267
312,WESTWOOD SECONDARY SCHOOL,11   JURONG WEST STREET 25,648350,BOON LAY MRT,"172, 181, 181M, 185, 199, 405, 974",1.353736985,103.7017721
313,WHITE SANDS PRIMARY SCHOOL,2    PASIR RIS ST 11,519075,Pasir Ris MRT Station,"12, 17, 21, 39, 53, 81, 518, 109",1.365636109,103.9608618
314,WHITLEY SECONDARY SCHOOL,30   BISHAN STREET 24,579747,"BISHAN MRT, MARYMOUNT MRT","13, 52, 54, 74, 74E, 88, 162, 162M,  588, 410, 851, 852",1.355052085,103.8425524
315,WOODGROVE PRIMARY SCHOOL,2    WOODLANDS DRIVE 14,738079,Woodlands MRT Station,901,1.432736207,103.7902303
316,WOODGROVE SECONDARY SCHOOL,3    WOODLANDS AVENUE 6,738990,"WOODLANDS MRT, WOODLANDS SOUTH MRT","901, 901M",1.428318281,103.7960476
317,WOODLANDS PRIMARY SCHOOL,10   WOODLANDS DRIVE 50,738853,Woodlands,912 & 912E,1.436551086,103.7915705
318,WOODLANDS RING PRIMARY SCHOOL,11   WOODLANDS RING ROAD,738240,Admiralty MRT Station,912,1.434851794,103.7974143
319,WOODLANDS RING SECONDARY SCHOOL,10   WOODLANDS RING ROAD,738239,ADMIRALTY MRT,912,1.436488947,103.8001485
320,WOODLANDS SECONDARY SCHOOL,11   MARSILING ROAD,739111,"MARSILING MRT, WOODLANDS MRT","913, 913M, 913T, 178, 856, 903",1.439125281,103.7745864
321,XINGHUA PRIMARY SCHOOL,45   HOUGANG AVENUE 1,538882,Kovan MRT Station,"Bus services 53, 62, 112, 113, 115",1.357996538,103.8902164
322,XINGNAN PRIMARY SCHOOL,5    JURONG WEST STREET 91,649036,Pioneer MRT Station,Bus 99 & 241,1.342706397,103.6875885
323,XINMIN PRIMARY SCHOOL,9    HOUGANG AVENUE 8,538784,Nil,"74, 147, 165, 112",1.371395489,103.8830808
324,XINMIN SECONDARY SCHOOL,11   HOUGANG AVENUE 8,538789,HOUGANG MRT,"25, 43, 43M, 55, 70, 70A, 70B, 70M, 72, 72A, 73, 73A, 74, 74E, 88, 88A, 103, 109, 109A, 112, 116, 132, 147, 159, 159A, 161, 165, 329, 660, 854, 854E",1.372558847,103.8830516
325,XISHAN PRIMARY SCHOOL,8    YISHUN STREET 21,768611,o   Alight at Yishun MRT Station o   Take Exit C o   Walk towards Yishun Street 21,"Along Yishun Ave 2,take Bus Service 117, 169, 804, 812, 965. Alight at Blk 220. Along Yishun Ring Road,take Bus Service 1N, 800, 804, NR1. Alight at Blk 227 or 236.",1.433471869,103.8377553
326,YANGZHENG PRIMARY SCHOOL,15   SERANGOON AVENUE 3,556108,Serangoon Station,"58 & 105 (Outside the school, Serangoon Ave 3) 133 & 135(Serangoon Ave 2)",1.348976808,103.8684671
327,YEW TEE PRIMARY SCHOOL,10   CHOA CHU KANG ST 64,689100,Yew Tee MRT Station,307,1.396766009,103.750986
328,YIO CHU KANG PRIMARY SCHOOL,1    HOUGANG STREET 51,538720,Hougang MRT Station Yio Chu Kang MRT Station,"88,101,109,159,161 and 325",1.377932643,103.8856437
329,YIO CHU KANG SECONDARY SCHOOL,3063 ANG MO KIO AVENUE 5,569868,YIO CHU KANG MRT,"13, 45, 86, 138, 162, 269, 851, 852, 853",1.377975977,103.842137
330,YISHUN INNOVA JUNIOR COLLEGE,3    YISHUN RING ROAD,768675,"Yishun, Khatib","167, 169, 171, 800, 812,",1.424264336,103.8300253
331,YISHUN PRIMARY SCHOOL,500  YISHUN RING ROAD,768679,Yishun,Translink Feeder Service 800 & 812,1.433976173,103.8340508
332,YISHUN SECONDARY SCHOOL,4    YISHUN STREET 71,768516,"YISHUN MRT, KHATIB MRT","167,  169,  171,  800,  807, 811, 812,  856,  858,  859,  860,  969, 980",1.428133243,103.8287643
333,YISHUN TOWN SECONDARY SCHOOL,6    YISHUN STREET 21,768610,YISHUN MRT,"39, 85, 171, 800, 803, 804, 806, 811, 812, 851, 852, 853, 853C, 854, 854E, 855, 856, 857, 859, 860",1.432321567,103.8380942
334,YU NENG PRIMARY SCHOOL,56   BEDOK NORTH ST 3,469623,"Bedok MRT Station (East-West Line), Bedok Reservoir MRT STation (Downtown line)","14, 17, 18, 28, 66, 67, 69, 225",1.333980379,103.932015
335,YUAN CHING SECONDARY SCHOOL,103  YUAN CHING ROAD,618654,LAKESIDE MRT,"98, 154, 154A, 180, 182, 187, 240, 240A, 246",1.342006358,103.7208987
336,YUHUA PRIMARY SCHOOL,158  JURONG EAST STREET 24,609558,"Jurong East, Bukit Batok","98,98A,187,333,502,507,NR5",1.342919816,103.7408611
337,YUHUA SECONDARY SCHOOL,35   JURONG WEST STREET 41,649406,LAKESIDE MRT,"49, 98, 99, 157, 180, 185, 187, 198, 334, 335, 502",1.347186269,103.7226872
338,YUMIN PRIMARY SCHOOL,3    TAMPINES STREET 21,529393,Tampines MRT Station,na,1.351291777,103.9504619
339,YUSOF ISHAK SECONDARY SCHOOL,8  SUMANG WALK,828676,BUKIT BATOK MRT,"61, 66, 77, 106, 157, 174, 178, 506, 852, 963",1.406937025,103.8962751
340,YUYING SECONDARY SCHOOL,47   HOUGANG AVENUE 1,538884,"KOVAN MRT, SERANGOON MRT, HOUGANG MRT","25, 51, 53, 53M, 55, 62, 87, 113, 119, 151, 854",1.357135953,103.8901948
341,ZHANGDE PRIMARY SCHOOL,51   Jalan Membina,169485,Tiong Bahru MRT Station,"16,33,63,123,195,605,851,14,65,147,167,196,197,961",1.284211533,103.8259519
342,ZHENGHUA PRIMARY SCHOOL,9    Fajar Road,679002,LRT: Fajar Station,"190, 184, 187, 700, 700A, 921",1.379548875,103.7693135
343,ZHENGHUA SECONDARY SCHOOL,91   SENJA ROAD,677741,JELAPANG LRT,"920, 922, 976",1.388368704,103.7655216
344,ZHONGHUA PRIMARY SCHOOL,12   SERANGOON AVENUE 4,556095,"Ang Mo Kio MRT, Bishan MRT, Serangoon MRT","Boundary Road: 22,24,53,105,156,315,853,501,502 Yio Chu Kang Road: 70,76,103,147,156,501,502",1.360203297,103.8697624
345,ZHONGHUA SECONDARY SCHOOL,13   SERANGOON AVENUE 3,556123,SERANGOON MRT,"22, 43, 45, 53, 58, 70, 81, 82, 100, 101, 103, 105, 107, 109, 133, 135, 147, 153, 158, 315, 317, 853",1.348407208,103.8694305
